Adx,Adxr,Aroonosc,Bop,Cci,Close,Cmo,Date,Dx,High,Low,Minus_di,Minus_dm,Mom,Open,Plus_di,Plus_dm,Roc,Rocp,Rocr,Rocr100,Rsi,Trix,Volume,Willr
,,,0.6411403473709,,2706.389893,,2018-04-17,,2713.340088,2692.050049,,,,2692.73999,,,,,,,,,3234360000,
,,,-0.10607522726916153,,2708.639893,,2018-04-18,,2717.48999,2703.6298829999996,,,,2710.110107,,,,,,,,,3383410000,
,,,-0.383474578497084,,2693.1298829999996,,2018-04-19,,2702.840088,2681.899902,,,,2701.159912,,,,,,,,,3349370000,
,,,-0.6726755974842179,,2670.139893,,2018-04-20,,2693.939941,2660.610107,,,,2692.560059,,,,,,,,,3388590000,
,,,-0.20546196063332334,,2670.290039,,2018-04-23,,2682.860107,2657.98999,,,,2675.399902,,,,,,,,,3017480000,
,,,-0.6981730826708235,,2634.560059,,2018-04-24,,2683.550049,2617.320068,,,,2680.800049,,,,,,,,,3706740000,
,,,0.1372958186770184,,2639.399902,,2018-04-25,,2645.300049,2612.669922,,,,2634.919922,,,,,,,,,3499440000,
,,,0.5214871602617014,,2666.939941,,2018-04-26,,2676.47998,2647.159912,,,,2651.649902,,,,,,,,,3665720000,
,,,-0.30316424872115844,,2669.909912,,2018-04-27,,2677.350098,2659.01001,,,,2675.469971,,,,,,,,,3219030000,
,,,-0.9893736384971522,,2648.050049,,2018-04-30,,2682.8701170000004,2648.040039,,,,2682.51001,,,,,,,,,3734530000,
,,,0.3965185926320153,,2654.800049,,2018-05-01,,2655.27002,2625.409912,,,,2642.959961,,,,,,,,,3559850000,
,,,-0.6366116668653781,,2635.669922,,2018-05-02,,2660.8701170000004,2631.699951,,,,2654.23999,,,,,,,,,4010770000,
,,,0.03880316773070783,,2629.72998,,2018-05-03,,2637.139893,2594.6201170000004,,,,2628.080078,,,,,,,,,3851470000,
,,,0.7547216982943885,,2663.419922,,2018-05-04,,2670.929932,2615.320068,,,,2621.449951,,,,,,,,,3327220000,
,,,-0.4134125591610824,,2672.6298829999996,,2018-05-07,,2683.350098,2664.699951,,,,2680.340088,,,,,,,,,3237960000,
,,,0.07851945330345243,,2671.919922,,2018-05-08,,2676.340088,2655.199951,,,,2670.26001,,,,,,,,,3717570000,
,,,0.72502137568319,,2697.790039,,2018-05-09,,2701.27002,2674.139893,,,,2678.1201170000004,,,,,,,,,3909500000,
,,,0.8368099720408887,,2723.070068,,2018-05-10,,2726.110107,2704.540039,,,,2705.02002,,,,,,,,,3333050000,
,,,0.32576049197684687,,2727.719971,,2018-05-11,,2732.860107,2717.449951,,,,2722.699951,,,,,,,,,2862700000,
,,,-0.5015047690255419,,2730.1298829999996,,2018-05-14,,2742.100098,2725.469971,,,,2738.469971,,,,,,,,,2972660000,
,,,-0.4280612506726508,,2711.449951,,2018-05-15,,2718.590088,2701.909912,,,,2718.590088,,,,,,,,,3290680000,
,,,0.6311602602884395,,2722.459961,,2018-05-16,,2727.76001,2712.169922,,,,2712.6201170000004,,,,,,,,,3202670000,
,,,0.020384707580917153,,2720.1298829999996,,2018-05-17,,2731.959961,2711.360107,,,,2719.709961,,,,,,,,,3475400000,
,,,-0.4244281142333467,,2712.969971,,2018-05-18,,2719.5,2709.179932,,,,2717.350098,,,,,,,,,3368690000,
,,,-0.1764184406363576,,2733.01001,,2018-05-21,,2739.189941,2725.699951,,,,2735.389893,,,,,,,,,3019890000,
,,,-0.6827148305261629,,2724.439941,,2018-05-22,,2742.23999,2721.8798829999996,,,,2738.340088,,,,,,,,,3366310000,
,,,0.8116867315770238,,2733.290039,,2018-05-23,,2733.330078,2709.540039,,,,2713.97998,,,,,,,,,3326290000,
,,,-0.12931759333273127,,2727.76001,,2018-05-24,,2731.969971,2707.3798829999996,,,,2730.939941,,,,,,,,,3256030000,
,,,-0.18350836940345375,,2721.330078,,2018-05-25,,2727.360107,2714.98999,,,,2723.600098,,,,,,,,,2995260000,
,,,-0.45038575613846815,,2689.860107,,2018-05-29,,2710.669922,2676.810059,,,,2705.110107,,,,,,,,,3736890000,
,,,0.801930616827343,,2724.01001,,2018-05-30,,2729.340088,2702.429932,,,,2702.429932,,,,,,,,,3561050000,
,,,-0.7199775912705746,,2705.27002,,2018-05-31,,2722.5,2700.679932,,,,2720.97998,,,,,,,,,4235370000,
,,,0.8732958087010829,,2734.6201170000004,,2018-06-01,,2736.929932,2718.699951,,,,2718.699951,,,,,,,,,3684130000,
,,,0.6032797698991957,,2746.8701170000004,,2018-06-04,,2749.159912,2740.540039,,,,2741.669922,,,,,,,,,3376510000,
,,,0.025960723802268274,,2748.800049,,2018-06-05,,2752.610107,2739.51001,,,,2748.459961,,,,,,,,,3517790000,
,,,0.7981676671709674,,2772.350098,,2018-06-06,,2772.389893,2748.459961,,,,2753.25,,,,,,,,,3651640000,
,,,-0.22644241461112818,,2770.3701170000004,,2018-06-07,,2779.899902,2760.159912,,,,2774.840088,,,,,,,,,3711330000,
,,,0.8348166955225081,,2779.030029,,2018-06-08,,2779.389893,2763.590088,,,,2765.840088,,,,,,,,,3123210000,
,,,0.18128096912770916,,2782.0,,2018-06-11,,2790.209961,2780.169922,,,,2780.179932,,,,,,,,,3232330000,
,,,0.11342992117981708,,2786.850098,,2018-06-12,,2789.800049,2778.780029,,,,2785.600098,,,,,,,,,3401010000,
,,,-0.7318672711747242,,2775.6298829999996,,2018-06-13,,2791.469971,2774.649902,,,,2787.939941,,,,,,,,,3779230000,
,,,-0.05741377678330889,,2782.48999,,2018-06-14,,2789.060059,2776.52002,,,,2783.209961,,,,,,,,,3526890000,
,,,0.08917817622979865,,2779.659912,,2018-06-15,,2782.810059,2761.72998,,,,2777.780029,,,,,,,,,5428790000,
,,,0.445440266978964,,2773.75,,2018-06-18,,2774.98999,2757.1201170000004,,,,2765.790039,,,,,,,,,3287150000,
,,,0.4839901980356194,,2762.590088,,2018-06-19,,2765.050049,2743.189941,,,,2752.01001,,,,,,,,,3661470000,
,,,-0.22007936844961207,,2767.320068,,2018-06-20,,2774.860107,2763.909912,,,,2769.72998,,,,,,,,,3327600000,
,,,-0.7842471812930255,,2749.76001,,2018-06-21,,2769.280029,2744.389893,,,,2769.280029,,,,,,,,,3300060000,
,,,-0.5143743380107687,,2754.8798829999996,,2018-06-22,,2764.169922,2752.679932,,,,2760.790039,,,,,,,,,5450550000,
,,,-0.5843655273787001,,2717.070068,,2018-06-25,,2742.939941,2698.669922,,,,2742.939941,,,,,,,,,3655080000,
,,,0.05430110340870842,14.834542677375858,2723.060059,,2018-06-26,,2732.909912,2715.600098,,367.51025399999935,,2722.1201170000004,,283.53027100000054,,,,,,,3555090000,-34.752330575769804
,,56.0,-0.6169972493162951,-2.0211714225249984,2699.6298829999996,-1.0264214208999862,2018-06-27,15.058787135675605,2746.090088,2699.3798829999996,29.854035272478907,376.38026391999966,-6.76001000000042,2728.449951,22.039498486529823,277.8596655800005,-0.24977960557290846,-0.0024977960557290703,0.9975022039442709,99.75022039442709,49.48678928955001,,3776090000,-46.65489261678628
,,56.0,0.5446696946636724,-9.851990101451964,2716.310059,1.5186896503713794,2018-06-28,16.026655905330454,2724.340088,2691.98999,29.675159204685926,376.2425516415992,7.670165999999881,2698.689941,21.47715398255056,272.3024722684005,0.28317407639981695,0.0028317407639982216,1.0028317407639982,100.28317407639982,50.75934482518569,,3428140000,-38.18133997701631
,,56.0,-0.34719669428206207,18.492359502049027,2718.3701170000004,1.8303644526888811,2018-06-29,12.672591349706556,2743.26001,2718.030029,29.045173030077475,368.71770060876725,25.240234000000783,2727.1298829999996,22.51159456023875,285.7763448230325,0.9372081962821799,0.009372081962821837,1.0093720819628218,100.93720819628219,50.915182226344434,,3565620000,-37.13482764381413
,,56.0,0.768631743225969,-0.04644240127701204,2726.709961,3.097247114782508,2018-07-02,15.19530674745812,2727.26001,2698.949951,29.898482627898442,380.4234245965919,56.57006799999999,2704.949951,22.010720050722277,280.0608179265719,2.11861813488885,0.021186181348888597,1.0211861813488885,102.11861813488885,51.54862355739125,,3073650000,-32.89817527626924
,,56.0,-0.788745793398833,3.3479096889178037,2713.219971,0.9470393536262846,2018-07-03,13.560160722515871,2736.580078,2711.159912,29.301146452416717,372.81495610466004,42.92993200000001,2733.27002,22.303476623124777,283.77966956804045,1.607687980444128,0.016076879804441353,1.0160768798044413,101.60768798044413,50.47351967681315,,1911470000,-39.75110898482056
,,56.0,0.5694696456102898,20.748654959833424,2736.610107,4.472037668954316,2018-07-05,13.339984830832211,2737.830078,2716.02002,28.734026149217197,365.35865698256686,102.05004800000006,2724.189941,21.970103010681182,279.35407617667965,3.8735138206997366,0.03873513820699734,1.0387351382069974,103.87351382069974,52.23601883447716,,2953420000,-27.86888731957105
,,56.0,0.716743716682463,65.86585252918272,2759.820068,7.7945280771918295,2018-07-06,8.764399011140306,2764.409912,2733.52002,28.03895506878894,358.0514838429155,120.42016599999988,2737.679932,23.520112647692482,300.3468286531462,4.562407004287294,0.0456240700428729,1.045624070042873,104.5624070042873,53.897264038595914,,2554780000,-16.078194805265163
,,56.0,0.6142135710242934,121.3053423683335,2784.169922,11.104386580348423,2018-07-09,5.456377258045582,2784.649902,2770.72998,27.49345672801644,350.89045416605717,117.22998099999995,2775.6201170000004,24.648400299257617,314.5798820800833,4.395673828186886,0.043956738281868926,1.0439567382818689,104.39567382818689,55.55219329017421,,3050040000,-3.708435059342213
,,92.0,0.5653082711854596,141.11192895237724,2793.840088,12.378982480954058,2018-07-10,3.7180689710617285,2795.580078,2786.23999,27.244909644428784,343.872645082736,123.93017599999985,2788.560059,25.291567200373173,319.2184604384815,4.641736241473593,0.04641736241473598,1.046417362414736,104.6417362414736,56.18949124047703,,3063850000,-0.8658391409620338
,,92.0,-0.3830970524756719,103.9921464219825,2774.02002,9.107153850865139,2018-07-11,5.956878915494442,2785.909912,2770.77002,27.97385339741623,352.4651621810814,125.96997099999999,2779.820068,24.82848220125063,312.8340912297119,4.757084219294527,0.04757084219294527,1.0475708421929453,104.75708421929453,54.553576925432566,,2964740000,-10.728534128248599
,,96.0,0.856427115476126,133.43199806124835,2798.290039,12.297631279788565,2018-07-12,3.8371054950694767,2799.219971,2781.530029,27.41436901005376,345.41585893745975,143.48999000000003,2783.139893,25.388275823599628,319.88746840511754,5.4049264483797765,0.05404926448379768,1.0540492644837978,105.40492644837978,56.14881563989429,,2821690000,-0.45451254329830065
,,98.0,0.3411290483367348,140.0477097561212,2801.310059,12.686783567423651,2018-07-13,2.9982573079822834,2804.530029,2791.689941,27.132229834602366,338.50754175871054,165.64013699999987,2796.929932,25.552602984408136,318.79977703701525,6.284555422414528,0.06284555422414533,1.0628455542241453,106.28455542241453,56.34339178371183,,2614000000,-1.533977109189636
,,98.0,0.13715620724385655,131.70487708204527,2798.429932,12.202292539522597,2018-07-16,2.9982573079822905,2801.189941,2793.389893,26.957604742547215,331.73739092353634,168.69995199999994,2797.360107,25.388144490742036,312.42378149627496,6.4151054778635475,0.06415105477863546,1.0641510547786355,106.41510547786355,56.1011462697613,,2812230000,-3.2239830121840174
,,100.0,0.8100200677748817,140.98347878421652,2809.550049,13.66471459251758,2018-07-17,0.9199969125404739,2814.189941,2789.23999,26.41119485767535,325.1026431050656,146.1301269999999,2789.340088,25.929660603435856,319.17530586634945,5.486559809549996,0.05486559809549998,1.0548655980955,105.48655980955,56.83235729625879,,3050730000,-2.9183547970536665
,,98.0,0.3928218067938484,153.1844675196214,2815.6201170000004,14.458357719067912,2018-07-18,0.510869602451152,2816.76001,2805.889893,26.17532751383757,318.6005902429643,142.99023400000078,2811.350098,25.90924327411477,315.36186874902234,5.350169692763274,0.05350169692763283,1.0535016969276327,105.35016969276327,57.22917885953396,,3089780000,-0.7055537160948766
,,98.0,-0.39740354033368747,131.16558106628943,2804.48999,12.523011076472335,2018-07-19,1.4813156515595063,2812.050049,2799.77002,26.338402041316144,318.3484514381051,132.570068,2809.3701170000004,25.569482424333057,309.0546313740419,4.961603336553888,0.04961603336553886,1.0496160333655389,104.96160333655389,56.261505538236165,,3266700000,-8.60328841267178
,,96.0,-0.2807004707252564,122.09852851931221,2801.830078,12.060942327943252,2018-07-20,1.4813156515594932,2809.699951,2800.01001,26.124688100708525,311.98148240934296,104.04003899999998,2804.550049,25.36200761854836,302.87353874656105,3.8564913316443628,0.03856491331644359,1.0385649133164436,103.85649133164436,56.03047116397162,,3230210000,-10.66805089485169
,,70.0,0.5798020729292096,115.92454803947527,2806.97998,12.768633127099582,2018-07-23,2.271199373841736,2808.610107,2795.139893,26.238818813922403,310.61196976115605,83.90991200000008,2799.169922,25.073415665716638,296.8160679716298,3.0814452035613282,0.030814452035613237,1.0308144520356133,103.08144520356133,56.38431656354979,,2907430000,-6.98823395800967
,,78.0,-0.014840057482098701,145.7294045434629,2820.399902,14.596161315968374,2018-07-24,1.2745933584050482,2829.98999,2811.1201170000004,25.72851185372656,304.39973036593295,92.67993100000012,2820.679932,26.39284723498168,312.2596296121973,3.3977069488560163,0.033977069488560094,1.0339770694885602,103.39770694885601,57.29808065798419,,3417530000,-6.260668703395562
,,80.0,0.9353149230880774,171.0535979594317,2846.070068,17.95133892565718,2018-07-25,4.136268932044473,2848.030029,2817.72998,25.073274402158425,298.3117357586143,115.94018500000038,2817.72998,27.236966651122874,324.0544760199533,4.246691182054674,0.04246691182054667,1.0424669118205467,104.24669118205468,58.97566946282859,,3553010000,-1.1447035062557362
,,80.0,0.18913094378325035,166.0491163240276,2837.439941,16.382821175173877,2018-07-26,4.136268932044472,2845.570068,2835.26001,24.842946912495073,292.345501043442,125.98999000000003,2835.48999,26.98676310553979,317.57338649955426,4.646591022398705,0.04646591022398703,1.046465910223987,104.64659102239871,58.19141058758694,,3653330000,-6.185077593460574
,,80.0,-0.6755711210107925,126.85989311972521,2818.820068,13.072449072040119,2018-07-27,0.35165739219088815,2843.169922,2808.340088,26.380497761860283,313.4185130225732,96.36010699999997,2842.350098,26.195609992416124,311.22191876956316,3.5394499232453525,0.03539449923245353,1.0353944992324535,103.53944992324536,56.536224536020065,,3415710000,-17.059903117609473
,,80.0,-0.6940322980016476,90.8750370388074,2802.600098,10.284094045496959,2018-07-30,1.9895708465821005,2821.73999,2798.110107,26.71690437168623,317.3801237621217,82.47021500000028,2819.0,25.674539478734822,304.9974803941719,3.0318484244232113,0.030318484244232058,1.0303184842442321,103.03184842442322,55.14204702274847,,3245770000,-26.53307964018455
,,80.0,0.4000059878406509,104.65101044909424,2816.290039,12.1498684917868,2018-07-31,1.5367696312755184,2824.459961,2808.060059,26.224485434599558,311.0325212868793,103.32006799999999,2809.72998,25.430664773216094,301.6175017862884,3.808374921375046,0.03808374921375051,1.0380837492137505,103.80837492137505,56.0749342458934,,3892100000,-18.53755143164668
,,80.0,-0.39088202290493007,98.06324065025223,2813.360107,11.64281897121036,2018-08-01,1.8978671707443158,2825.830078,2805.850098,25.968231391734093,307.0218318611417,80.350097,2821.169922,25.000904887086428,295.58515175056266,2.9399854631340983,0.02939985463134107,1.029399854631341,102.9399854631341,55.82140948560518,,3496990000,-20.248760702387706
,,80.0,0.796548441838712,99.89172699954422,2827.219971,13.529910088419578,2018-08-02,3.452619558094857,2829.909912,2796.340088,26.034705642167538,310.39140522391887,102.7800299999999,2800.47998,24.296945220568688,289.6734487155514,3.772519571940891,0.037725195719408924,1.037725195719409,103.77251957194089,56.764955044209785,,3467380000,-12.153989981425655
,,80.0,0.8247635660779866,130.8323372748214,2840.350098,15.279054611112835,2018-08-03,1.6429533051136962,2840.3798829999996,2827.3701170000004,25.74473216777799,304.1835771194405,107.06005899999991,2829.6201170000004,24.912458184605764,294.34995074123987,3.9168934680334555,0.03916893468033449,1.0391689346803346,103.91689346803345,57.63952730555643,,3030390000,-4.485417793263321
,,96.0,0.584045554090843,145.17655541749497,2850.399902,16.5967210909828,2018-08-06,0.5460132611018421,2853.290039,2835.97998,25.365531533505408,298.0999055770517,122.63989200000015,2840.290039,25.64405061647695,301.3731077264154,4.495992739478583,0.044959927394785784,1.0449599273947858,104.49599273947858,58.2983605454914,,2874540000,-1.637657143886727
,,98.0,0.33688756739338893,162.53495176554307,2858.449951,17.643672517356173,2018-08-07,2.233451715269749,2863.429932,2855.919922,25.081766041215793,292.13790746551064,137.1198730000001,2855.919922,26.227739063063744,305.4855385718871,5.0387078770236515,0.0503870787702366,1.0503870787702365,105.03870787702365,58.82183625867808,,3162770000,-2.6685159088067487
,,98.0,0.0973183214752211,154.09361535097722,2857.699951,17.503445830009078,2018-08-08,1.741857324682086,2862.439941,2853.090088,25.12388690765747,289.12498331620054,167.83984400000008,2856.790039,26.014647209919534,299.3758278004494,6.239723901002114,0.06239723901002116,1.0623972390100211,106.23972390100211,58.751722915004535,,2972200000,-3.342267229651742
,,54.0,-0.34379647619048875,144.42608062138314,2853.580078,16.723584820288252,2018-08-09,1.5463979011880826,2862.47998,2851.97998,24.989658206545524,284.4525916498764,129.570068,2857.189941,25.774676817915882,293.3883112444404,4.75659294658759,0.047565929465875935,1.047565929465876,104.75659294658759,58.36179241014413,,3047050000,-5.745367086043491
,,54.0,-0.3428865181051863,97.78141557088102,2833.280029,12.954320157082666,2018-08-10,2.9391168978161923,2842.199951,2825.810059,26.67167777978452,304.93346081687906,128.01000900000008,2838.899902,25.148618689749984,287.5205450195516,4.731875489456683,0.0473187548945669,1.0473187548945668,104.73187548945668,56.47716007854133,,3256040000,-17.58627694822715
,,54.0,-0.5752558703290046,83.81681141790474,2821.929932,10.910941656678471,2018-08-13,3.9204530835343245,2843.399902,2819.8798829999996,26.641693016697044,304.7649676005418,87.30981499999962,2835.459961,24.63154959567237,281.77013411916056,3.1927584550859756,0.0319275845508598,1.0319275845508598,103.19275845508598,55.45547082833924,,3158450000,-24.206727741426796
,,54.0,0.7307959350827758,95.70540188972213,2839.959961,13.448927548588022,2018-08-14,3.920453083534318,2843.110107,2826.580078,26.14768556704876,298.66966824853097,93.08984399999963,2827.8798829999996,24.174815521414512,276.1347314367774,3.388942324716382,0.033889423247163895,1.0338894232471638,103.38894232471638,56.72446377429401,,2976970000,-13.68990838785981
,,54.0,-0.37627056852128155,53.723760173880144,2818.3701170000004,9.632719649130028,2018-08-15,7.860819181625474,2827.949951,2802.48999,27.383139983126682,316.7863628835603,69.57006800000045,2827.949951,23.39181275854786,270.6120368080418,2.5309250130910677,0.02530925013091065,1.0253092501309107,102.53092501309106,54.81635982456502,,3645070000,-26.28314876588072
,,54.0,0.4855630555071027,98.11645285788211,2840.689941,12.729526708984027,2018-08-16,3.796583474075858,2850.48999,2831.439941,26.62871726305068,310.4506356258891,68.3398430000002,2831.439941,24.68071195279908,287.739835071881,2.465050970629612,0.024650509706296193,1.0246505097062961,102.46505097062962,56.36476335449201,,3219880000,-13.264114963361294
,,54.0,0.5392633474221262,104.47693980989214,2850.1298829999996,14.001408527021619,2018-08-17,2.894430099053857,2855.6298829999996,2833.72998,26.127901105042774,304.2416229133713,79.75976599999922,2838.320068,24.657940421831142,287.12493137044294,2.8790292499389913,0.02879029249938997,1.02879029249939,102.879029249939,57.000704263510805,,3024100000,-7.757847351581816
,,54.0,0.34137347122117095,116.72879170441158,2857.050049,14.928842246202048,2018-08-20,2.1663345364592335,2859.76001,2850.6201170000004,25.90925249705461,298.1567904551039,78.02001999999993,2853.929932,24.810493130715944,285.51255974303444,2.8074550899356288,0.028074550899356236,1.0280745508993563,102.80745508993563,57.464421123101026,,2748020000,-3.721351585618283
,,74.0,0.1217432169104227,128.70203556311054,2862.959961,15.720887368760728,2018-08-21,0.18423341837967827,2873.22998,2861.320068,25.54279036228805,292.1936546460018,80.95996100000002,2861.51001,25.637080788431334,293.27227854817386,2.910135190510421,0.02910135190510425,1.0291013519051042,102.91013519051042,57.86044368438037,,3147140000,-5.666530328102559
,,74.0,0.07224357897613098,115.74566006188593,2861.820068,15.5092261698003,2018-08-22,0.7275947826760868,2867.540039,2856.050049,25.748976117539645,291.6198005530818,74.9699700000001,2860.98999,25.376986282523845,287.4068329772104,2.6901328512001,0.02690132851200097,1.026901328512001,102.6901328512001,57.75461308490015,,2689560000,-6.295471545766513
,,74.0,-0.22441077966101086,107.69677553346577,2856.97998,14.601026997716723,2018-08-23,1.0797355626831,2868.780029,2854.030029,25.59088631779004,287.8074245420201,81.35009700000046,2860.290039,25.04416169719063,281.65869631766617,2.9308697639497394,0.029308697639497373,1.0293086976394974,102.93086976394974,57.300513498858365,,2713910000,-8.966012412602758
,,80.0,0.8935560609288462,121.4946589259946,2874.689941,17.036535108496867,2018-08-24,0.23947534525170047,2876.159912,2862.350098,25.15316572966359,282.0512760511797,92.19995100000006,2862.350098,25.273926182119727,283.4054053913129,3.3135770957436694,0.0331357709574366,1.0331357709574367,103.31357709574367,58.51826755424844,,2596190000,-0.7981601903485557
,,82.0,0.8886428149022083,152.05618815570853,2896.73999,19.937432218834516,2018-08-27,4.063798214128407,2898.25,2884.689941,24.625213193440864,276.4102505301561,117.08007799999996,2884.689941,26.71143081588532,299.8273852834866,4.212028870674311,0.04212028870674304,1.0421202887067431,104.21202887067432,59.968716109417265,,2854080000,-0.7320905298123306
,,84.0,-0.3826605011480163,153.18609366296718,2897.52002,20.038358162315667,2018-08-28,4.992488490865401,2903.77002,2893.5,24.39743339244806,270.88204551955295,123.77001999999993,2901.449951,26.96152339930486,299.3508575778168,4.462190896800355,0.04462190896800358,1.0446219089680036,104.46219089680035,60.01917908115784,,2683190000,-2.951175330365192
,,86.0,0.7414281403338076,163.74481720682496,2914.040039,22.158940797908098,2018-08-29,7.108534885414447,2916.5,2898.399902,23.97915306871943,265.4644046091619,151.44995100000006,2900.6201170000004,27.649170457322775,306.0938204262605,5.482172388073803,0.05482172388073813,1.054821723880738,105.4821723880738,61.07947039895405,,2791860000,-1.0957021470891304
,,86.0,-0.45301986834101793,145.81372416373253,2901.1298829999996,19.62903146826502,2018-08-30,6.503895220781884,2912.459961,2895.219971,23.85838555388469,263.33504751697876,133.80981499999962,2908.939941,27.177720410580736,299.97194401773527,4.835357375076121,0.04835357375076124,1.0483535737507612,104.83535737507611,59.81451573413251,,2802180000,-6.846072030374233
,,86.0,0.21589335170559332,135.58256171819266,2901.52002,19.6803248361989,2018-08-31,5.834809713348597,2906.320068,2891.72998,23.859209407178046,261.5583375666391,151.76000999999997,2898.3701170000004,26.81601215728209,293.97250513738055,5.519027458690839,0.055190274586908394,1.0551902745869084,105.51902745869084,59.84016241809945,,2880260000,-6.672299377653616
,,86.0,-0.015946127484370846,121.67774303355365,2896.719971,18.72901642003335,2018-09-04,4.567125054329367,2900.179932,2885.1298829999996,24.10579277532106,262.9272678153068,141.84008800000038,2896.959961,26.41305157269705,288.0930550346329,5.148685025262867,0.051486850252628745,1.0514868502526287,105.14868502526286,59.36450821001667,,3077060000,-8.81031050686783
,,86.0,-0.17293136238732823,106.55131937179226,2888.600098,17.122021041713392,2018-09-05,3.001133535422855,2894.209961,2876.919922,24.421488296167684,265.87868345900023,171.5300299999999,2891.590088,25.932684255088112,282.33119393394026,6.313051401219871,0.06313051401219878,1.0631305140121987,106.31305140121987,58.56101052085669,,3241250000,-12.427019178343146
4.394444556439506,,86.0,-0.42769950416013963,91.610597355487,2878.050049,15.0573480259728,2018-09-06,1.1873957636100625,2892.050049,2867.290039,24.749704877347963,270.1909927898203,154.98999000000003,2888.639893,25.344521600357467,276.6845700552615,5.69175804579638,0.05691758045796376,1.0569175804579638,105.69175804579638,57.5286740129864,,3139590000,-17.126163327862336
4.3184040662864085,,86.0,0.17368877978412156,79.2751369015486,2871.679932,13.82110915786756,2018-09-07,0.5924200487846041,2883.810059,2864.1201170000004,24.59337604889447,267.9570949340235,172.0500490000004,2868.26001,24.886504783057685,271.15087865415626,6.3730976636251935,0.0637309766362519,1.063730976636252,106.37309766362519,56.910554578933784,,2946270000,-19.963505413411188
4.255555908810814,,86.0,-0.3876263410953159,88.29258554276798,2877.1298829999996,14.621963089421497,2018-09-10,1.1759961925067242,2886.929932,2875.939941,24.247073265263616,262.597953035343,160.8198239999997,2881.389893,24.824148970371194,268.8477340810732,5.920525290076961,0.059205252900769716,1.0592052529007696,105.92052529007697,57.31098154471075,,2731400000,-18.097038902528773
4.181898602317057,,82.0,0.6340260569632712,90.00328273995736,2887.889893,16.191013873438997,2018-09-11,0.5726905841229788,2892.52002,2866.780029,24.515562633260174,266.5059059746362,169.51977599999964,2871.570068,24.23636493450115,263.47077939945177,6.236081501185797,0.06236081501185794,1.062360815011858,106.2360815011858,58.0955069367195,,2899660000,-13.151045992179933
4.101499482248388,,82.0,0.040769255514147666,97.25867041441418,2888.919922,16.341194252976194,2018-09-12,0.16194259888362256,2894.649902,2879.199951,24.16511357414422,261.1757878551435,162.20996100000002,2888.290039,24.086972891306495,260.3312458114629,5.948926116825093,0.059489261168250825,1.059489261168251,105.94892611682509,58.1705971264881,,3264930000,-13.431414327629959
4.062599221651632,,80.0,0.7068226906215391,122.0469130353221,2904.179932,18.547700940885615,2018-09-13,2.156486452410534,2906.76001,2896.389893,23.764835631762953,255.95227209804062,190.95996100000002,2896.850098,24.81239707401908,267.2347288952335,7.03813045167947,0.07038130451679475,1.0703813045167947,107.03813045167946,59.2738504704428,,3254930000,-6.145285928300665
4.03033710937903,,78.0,-0.11172384357606344,119.33411888063296,2904.97998,18.662468653133075,2018-09-14,2.449493608021497,2908.300049,2895.77002,23.486023721890888,250.8332266560798,168.3698730000001,2906.3798829999996,24.665492022208056,263.43007331732883,6.152497667436263,0.06152497667436266,1.0615249766743626,106.15249766743626,59.33123432656654,,3149800000,-6.295781647806458
3.960380152513646,,76.0,-0.8128738306510704,96.47485781330732,2888.800049,15.309601138773822,2018-09-17,0.5324892661098386,2904.649902,2886.159912,23.97313458065082,255.42667012295806,128.97998099999995,2903.830078,24.229810086954686,258.16147185098225,4.673492395229584,0.046734923952295844,1.0467349239522958,104.67349239522959,57.65480056938691,,2947760000,-19.002502023392786
3.9172630510795092,,74.0,0.6542948670659847,109.91010818045135,2904.310059,17.587351999591952,2018-09-18,1.8045250808068007,2911.169922,2890.429932,23.470311869938286,250.3181367204989,120.14013699999987,2890.73999,24.332933420646484,259.51826241396253,4.315115110276668,0.043151151102766586,1.0431511511027667,104.31511511027666,58.79367599979598,,3074610000,-8.364744852088831
3.8796753769079384,,70.0,0.1580616903506143,117.41088991234304,2907.949951,18.114737434424473,2018-09-19,2.037879342500961,2912.360107,2903.820068,23.280096720983913,245.31177398608892,114.10986300000013,2906.600098,24.248675757058216,255.5180821656832,4.084337664497006,0.04084337664497,1.04084337664497,104.08433766449701,59.057368717212235,,3280020000,-5.867048770609823
3.928499489176055,,100.0,0.7312521263174059,153.25345247646467,2930.75,21.332477389444136,2018-09-20,6.320880990313779,2934.800049,2919.72998,22.690135751134953,240.40553850636715,156.72998000000007,2919.72998,25.752112619686812,272.84766252236955,5.649922454416889,0.05649922454416896,1.056499224544169,105.6499224544169,60.66623869472206,,3337730000,-2.642427397086492
3.9988326360580673,,100.0,-0.513781752713163,155.09496487570732,2929.669922,21.102443740670026,2018-09-21,7.445156833276655,2940.909912,2927.110107,22.392529090770743,235.5974277362398,131.37988300000006,2936.76001,25.995061065768205,273.5005722719223,4.695005920363782,0.04695005920363785,1.0469500592036378,104.69500592036378,60.55122187033501,,5607610000,-7.410823353624479
4.007149799376889,,94.0,-0.22042353171402665,121.50650551047326,2919.3701170000004,18.908750359712112,2018-09-24,4.414690801999163,2923.790039,2912.6298829999996,23.41001765063059,245.36570318151539,118.06005800000048,2921.830078,25.572441781786477,268.03056082648385,4.214458789404585,0.042144587894045925,1.0421445878940458,104.21445878940459,59.45437517985606,,3372210000,-14.201757814578212
4.0159080342832425,,94.0,-0.6038966829268381,114.85819548066894,2915.560059,18.101229138471208,2018-09-25,4.445061544694571,2923.949951,2913.699951,23.17871794297289,240.45838911788508,117.1301269999999,2921.75,25.335191055701067,262.82986160995426,4.185565829632498,0.04185565829632496,1.041855658296325,104.1855658296325,59.050614569235606,,3285480000,-16.713830049968745
3.9812735605391145,,94.0,-0.39505056230432206,101.78113795096854,2905.969971,16.076580505323545,2018-09-26,2.28418434707684,2931.149902,2903.280029,23.557839230171083,246.06914333552743,96.41992200000004,2916.97998,24.659205416616047,257.57326437775515,3.431863477011876,0.03431863477011868,1.0343186347701188,103.43186347701187,58.038290252661774,,3388620000,-23.969223054021885
3.947331776269869,,86.0,0.1309250370655542,104.25079692888919,2914.0,17.288103527968293,2018-09-27,2.28418434707684,2927.219971,2909.27002,23.078742402990198,241.14776046881687,98.37988299999961,2911.649902,24.157710056176885,252.42179909020004,3.494075156162113,0.034940751561621124,1.0349407515616211,103.49407515616211,58.64405176398415,,3060850000,-18.460525823214766
3.9066102523842288,,86.0,0.3031421495685122,94.76693906653571,2913.97998,17.28379620537806,2018-09-28,1.9112555819878536,2920.530029,2907.5,22.9594445394085,238.09482525944046,109.48999000000003,2910.030029,23.854172406415984,247.37336310839603,3.904096302372606,0.039040963023726116,1.039040963023726,103.90409630237261,58.64189810268903,,3432300000,-18.474259785889167
3.9325754562156088,,86.0,-0.0887696057894527,116.18348267539895,2924.590088,18.89456442159854,2018-10-01,5.204870443953253,2937.060059,2917.909912,22.449607494855805,233.33292875425164,122.76000999999997,2926.290039,24.91486703035212,258.955925846228,4.38142237689263,0.04381422376892621,1.0438142237689263,104.38142237689263,59.447282210799266,,3364190000,-11.195597086394116
3.958021355970361,,86.0,-0.030715600791875658,108.75034319394007,2923.429932,18.636794422171587,2018-10-02,5.204870443953247,2931.419922,2919.3701170000004,22.187132557197184,228.66627017916662,116.44995199999994,2923.800049,24.623568923155233,253.77680732930347,4.148585056883802,0.04148585056883802,1.041485850568838,104.1485850568838,59.318397211085795,,3401880000,-12.091029453006769
4.016209843813489,,70.0,-0.334050324324331,113.03314791513232,2925.51001,18.958246586224185,2018-10-03,6.867445748126744,2939.860107,2921.360107,21.788049693471798,224.09294477558328,105.11010799999985,2931.689941,25.001281638614063,257.1414561827173,3.7267803025189616,0.037267803025189526,1.0372678030251896,103.72678030251896,59.47912329311209,,3598710000,-10.652224353541508
3.9557369182623447,,70.0,-0.49469989032659417,54.04465989443593,2901.610107,13.691913534889204,2018-10-04,0.9925635662562768,2919.780029,2883.919922,24.49196829608418,257.05127088007157,55.54003899999998,2919.350098,24.010549971047833,251.99862705906298,1.951464218132526,0.019514642181325235,1.0195146421813253,101.95146421813253,56.845956767444605,,3496860000,-27.183961294716706
3.9528890556662573,,70.0,-0.4205708154483029,23.670375107528315,2885.570068,10.346457190960082,2018-10-05,3.8133437884579644,2909.639893,2869.290039,24.93611129857176,266.5401284624702,48.1301269999999,2902.540039,23.10417020779115,246.9586545178817,1.6962518326656628,0.016962518326656593,1.0169625183266566,101.69625183266567,55.17322859548004,,3328980000,-38.27897307255491
3.977270931194012,,70.0,0.2520984660761842,0.7979192505324602,2884.429932,10.11144876650018,2018-10-08,5.171982832053991,2889.449951,2862.080078,24.97192715896644,268.41928689322083,65.60986400000002,2877.530029,22.515866617525095,242.01948142752408,2.3275648114195358,0.02327564811419528,1.0232756481141954,102.32756481141953,55.055724383250094,,3330320000,-39.06761344608125
3.978782760230578,,70.0,-0.10554065557597354,7.90372341405877,2880.340088,9.259704795886078,2018-10-09,4.052862383022287,2894.830078,2874.27002,24.493854686107206,263.0509011553564,77.73999000000003,2882.51001,22.58578180855155,242.55921879897352,2.7738523971178486,0.027738523971178437,1.0277385239711785,102.77385239711785,54.62985239794303,,3520500000,-41.89658832260879
4.27359690112535,,-26.0,-0.9894577846885084,-153.6870868358559,2785.679932,-7.617505871936345,2018-10-10,18.71948980496919,2874.02002,2784.860107,30.245265867951233,347.1997961322493,-30.61010699999997,2873.899902,20.70722039633066,237.70803442299405,-1.0868946939452617,-0.010868946939452628,0.9891310530605474,98.91310530605473,46.19124706403183,,4501250000,-99.47463888211841
4.74916050491923,,-28.0,-0.5730836234288539,-299.29073504889385,2728.3701170000004,-15.665398284082691,2018-10-11,28.051777090819353,2795.139893,2710.51001,34.27575677186506,414.6058972096043,-84.98998999999958,2776.8701170000004,19.258458138023066,232.95387373453417,-3.020942459109077,-0.030209424591090776,0.9697905754089092,96.97905754089092,42.16730085795866,,4890630000,-92.24821415071591
5.215212836637233,,-28.0,-0.07360565907950171,-255.56079309613926,2767.1298829999996,-9.105954760958925,2018-10-12,28.051777090819353,2775.77002,2729.439941,32.95791670834401,406.3137792654122,-60.09008800000038,2770.540039,18.518005699150514,228.29479625984348,-2.1254125471795615,-0.021254125471795622,0.9787458745282044,97.87458745282044,45.44702261952054,,3966040000,-75.42539189100887
5.671038611270653,,-28.0,-0.48368167149796576,-235.75785448260396,2750.790039,-11.270527199824434,2018-10-15,28.006501568308256,2775.98999,2749.030029,32.238523184282684,398.187503680104,-89.56005899999991,2763.830078,18.13161081563638,223.9488703346467,-3.1531345049000348,-0.031531345049000334,0.9684686549509997,96.84686549509996,44.364736400087786,,3300140000,-82.51734108810516
5.969519516047199,,-28.0,0.9209415225320203,-151.40134861543476,2809.919922,-2.2766638703895823,2018-10-16,20.595083850097932,2813.459961,2766.909912,30.651538035872488,390.22375360650193,-40.47998000000007,2767.050049,20.182272194688743,256.93986392795375,-1.4201509048466177,-0.014201509048466164,0.9857984909515338,98.57984909515338,48.861668064805215,,3428340000,-56.8533184532344
6.24886886871867,,-28.0,-0.07002474417648225,-132.4954954177488,2809.209961,-2.3733437164155315,2018-10-17,19.93698714962073,2816.939941,2781.810059,29.812112952130672,382.41927853437187,-49.239990000000034,2811.669922,19.90084659543613,255.28104664939474,-1.7226115847427725,-0.0172261158474277,0.9827738841525723,98.27738841525722,48.81332814179223,,3321710000,-57.16146137944104
6.588075226805863,,-28.0,-0.6531636081693656,-168.61063389048775,2768.780029,-7.6806349162025915,2018-10-18,23.209186773078322,2806.040039,2755.179932,30.61466933859831,401.40101996368435,-88.91992200000004,2802.0,19.08076351087446,250.17542571640683,-3.1115905632039587,-0.03111590563203955,0.9688840943679604,96.88840943679604,46.159682541898704,,3616440000,-74.70918238498209
6.9204974577313125,,-28.0,-0.21013021333333504,-159.59150979500228,2767.780029,-7.807129739213871,2018-10-19,23.209186773078308,2797.77002,2760.27002,29.746523845166273,393.37299956441063,-85.80004899999994,2775.659912,18.539686987394802,245.1719172020787,-3.006751051476886,-0.03006751051476886,0.9699324894852311,96.99324894852312,46.09643513039307,,3566490000,-75.14321034737246
7.272920433109583,,-28.0,-0.6076741665620934,-172.49829919803494,2755.8798829999996,-9.315948486759652,2018-10-22,24.541646226644826,2778.939941,2749.219971,29.913183758666744,396.55558857312235,-77.4001460000004,2773.939941,18.124054651093452,240.26847885803713,-2.731821253380262,-0.027318212533802604,0.9726817874661974,97.26817874661974,45.34202575662018,,3307140000,-80.30820646790049
7.746198873292517,,-44.0,0.31627835683038025,-209.0429337950161,2740.689941,-11.208675669203267,2018-10-23,30.936842442256317,2753.590088,2691.429932,32.73734877628039,446.4145158016599,-81.23999099999992,2721.030029,17.267444627406118,235.46310928087638,-2.8788805164422504,-0.02878880516442246,0.9712111948355775,97.12111948355775,44.39566216539837,,4348580000,-80.2549250645282
8.287175821441258,,-46.0,-0.9015418213819782,-249.85387052017055,2656.100098,-20.622973973321745,2018-10-24,34.79504628072947,2742.590088,2651.889893,33.42738657854674,477.02626448562665,-183.85986300000013,2737.8701170000004,16.16996510592028,230.75384709525886,-6.4740301104547875,-0.06474030110454791,0.9352596988954521,93.52596988954521,39.68851301333913,,4709310000,-98.54328256756504
8.817333230627021,,-46.0,0.5594287575964291,-211.81142094392726,2705.570068,-13.445027134950468,2018-10-25,34.795046280729466,2722.699951,2667.840088,31.90787100674382,467.4857391959141,-112.8000490000004,2674.8798829999996,15.434923683635576,226.13877015335368,-4.002314966356146,-0.04002314966356152,0.9599768503364385,95.99768503364385,43.27748643252477,,4634770000,-81.4268315441499
9.408814882620208,,-50.0,-0.1427930573185707,-234.82877131133188,2658.689941,-18.1546411963216,2018-10-26,38.391415830286356,2692.3798829999996,2628.159912,32.89782973513177,497.8162004119957,-182.0,2667.860107,14.645335478923688,221.6159947502866,-6.406894232741611,-0.06406894232741608,0.9359310576725839,93.5931057672584,40.922679401839204,,4803150000,-90.2382001598721
10.030042111938734,,-52.0,-0.40073447252605043,-219.3733228476174,2641.25,-19.810939571970447,2018-10-29,40.470176348546474,2706.850098,2603.540039,32.30732963737358,512.4797494037559,-208.8798829999996,2682.649902,13.691515779051185,217.18367485528088,-7.328784707177494,-0.07328784707177488,0.9267121529282251,92.67121529282251,40.094530214014775,,4673700000,-88.82236855808402
10.638844796670888,,-52.0,0.8374941435233764,-181.46753087875993,2682.6298829999996,-14.214842546560764,2018-10-30,40.47017634854648,2685.429932,2635.340088,31.298829293143072,502.23015441568083,-174.42016600000034,2640.679932,13.264123650664402,212.84000135817527,-6.104904114684628,-0.06104904114684634,0.9389509588531537,93.89509588531537,42.89257872671961,,5106380000,-76.5569334046613
11.043976025644803,,-52.0,0.19748867821558655,-122.3474459830942,2711.73999,-10.509595096134573,2018-10-31,30.89540624536652,2736.689941,2705.600098,30.258610440538934,492.1855513273672,-151.219971,2705.600098,15.974655200301749,259.84321033101185,-5.281945017043843,-0.05281945017043848,0.9471805498295616,94.71805498295616,44.74520245193271,,5112420000,-67.92838968167142
11.423433616491547,,-52.0,0.6943985744713417,-103.95157756064894,2740.3701170000004,-7.025147761039134,2018-11-01,30.01685556798197,2741.669922,2708.850098,29.648190813847634,482.34184030081985,-121.4499509999996,2717.580078,15.958497156460142,259.62632712439154,-4.243801081626897,-0.04243801081626897,0.957561989183731,95.7561989183731,46.48742611948043,,4708420000,-59.442117109253445
11.743155315988588,,-52.0,-0.39903491185581397,-100.96316022939365,2723.060059,-8.799261443699228,2018-11-02,27.409518591343584,2756.550049,2700.439941,28.640249857785232,472.6950034948035,-133.91992100000016,2745.449951,16.317536929945554,269.3139275819036,-4.687464453286094,-0.046874644532860936,0.9531253554671391,95.3125355467139,45.60036927815038,,4237930000,-64.5730014546972
12.056482581495688,,-52.0,0.4534715600359418,-89.91728784228967,2738.310059,-6.964411721524087,2018-11-05,27.409518591343595,2744.27002,2717.939941,28.18148956453019,463.2411034249074,-136.37988200000018,2726.3701170000004,16.056162184112214,263.9276490302655,-4.744159711101181,-0.047441597111011764,0.9525584028889882,95.25584028889882,46.51779413923796,,3623320000,-60.05274009751312
12.319443749557854,,-52.0,0.8637313899348437,-72.4312907033986,2755.449951,-4.934830755548209,2018-11-06,25.20454098460397,2756.820068,2737.080078,27.84033423937518,453.97628135640923,-141.29003899999998,2738.399902,16.63143015581337,271.1991440496603,-4.877553369917742,-0.04877553369917746,0.9512244663008226,95.12244663008225,47.5325846222259,,3510860000,-54.97229475496171
12.387206982593934,,-52.0,0.969283071273076,-27.918942337195578,2813.889893,1.563458520067871,2018-11-07,15.70760540136192,2815.149902,2774.1298829999996,26.837717930156675,444.89675572928104,-83.6301269999999,2774.1298829999996,19.55113928811013,324.1049951686672,-2.8862657176739637,-0.028862657176739682,0.9711373428232604,97.11373428232604,50.78172926003393,,3914750000,-37.65007760488442
12.453614950969293,,-52.0,0.022783136243369802,-22.609977863032924,2806.830078,0.7940240705437921,2018-11-08,15.707605401361914,2814.75,2794.98999,26.51520845729907,435.99882061469543,-107.20996100000002,2806.3798829999996,19.31619279817446,317.62289526529383,-3.679083319554899,-0.036790833195548975,0.963209166804451,96.3209166804451,50.39701203527189,,3630490000,-39.742681469367625
12.586080527675874,,-52.0,-0.4383804639956422,-42.43082935853241,2781.01001,-1.9773712290617547,2018-11-09,19.07689378629838,2794.100098,2764.23999,27.69155061073711,458.0288442024015,-120.11987299999964,2794.100098,18.8188171528591,311.27043735998797,-4.140451404946621,-0.04140451404946618,0.9585954859505338,95.85954859505338,49.01131438546912,,4019090000,-47.396022821516155
12.801764458224795,,-52.0,-0.8836816046826457,-71.89024757113374,2726.219971,-7.485351154811321,2018-11-12,23.370277055121978,2775.98999,2722.0,29.23319966140182,491.1082573183535,-175.30004899999994,2773.929932,18.157793305794637,305.0450286127882,-6.041662569676154,-0.060416625696761504,0.9395833743032385,93.95833743032385,46.257324422594344,,3670930000,-63.63637010350359
13.026801068334247,,-52.0,-0.19863941344142316,-77.70049932255296,2722.179932,-7.874846346799523,2018-11-13,24.053594963697382,2754.600098,2714.97998,28.962604174281743,488.30611217198634,-174.54003899999998,2730.050049,17.731091696051173,298.94412804053246,-6.025437071839068,-0.06025437071839071,0.9397456292816093,93.97456292816094,46.062576826600235,,4091440000,-64.83388040994402
13.302783787033972,8.848614171736738,-52.0,-0.5949188345450827,-89.92218376626738,2701.580078,-9.849594827502292,2018-11-14,26.82593700332051,2746.800049,2685.75,29.63663504056735,507.7699699285467,-187.02001999999993,2737.899902,17.099286239937623,292.96524547972183,-6.474417145159284,-0.06474417145159286,0.9352558285484072,93.52558285484072,45.07520258624885,0.009225336174267795,4402370000,-70.93989509845773
13.600696714898659,8.959550390592533,-52.0,0.5675382547110652,-85.79658117842641,2730.199951,-6.609867559952836,2018-11-15,28.198430180268417,2735.3798829999996,2670.75,29.398396510193297,512.6145705299757,-147.8500979999999,2693.52002,16.465498186261627,287.1059405701274,-5.137162157807906,-0.051371621578079056,0.9486283784219209,94.86283784219209,46.69506622002358,0.007008496697902267,4179140000,-62.45666192013534
13.855985855743198,9.055770882277006,-52.0,0.5125740356601577,-67.11736397309531,2736.27002,-5.933716008780291,2018-11-16,26.36515375712549,2746.75,2712.159912,28.81511442676207,502.3622791193762,-135.40991200000008,2718.540039,16.790993855502002,292.73393875872523,-4.7153553044364855,-0.04715355304436486,0.9528464469556351,95.28464469556351,47.03314199560985,0.0048478082273817336,3975180000,-60.65742924235564
14.1626402252241,9.172269413770579,-52.0,-0.7683914967717165,-88.30958908734503,2690.72998,-10.289474096510093,2018-11-19,29.188704329788223,2733.159912,2681.090088,29.675213836066533,523.3848575369889,-186.39990299999954,2730.73999,16.265666196777094,286.87925998355075,-6.478675297259762,-0.06478675297259757,0.9352132470274024,93.52132470274024,44.855262951744955,0.002648588114384509,3772900000,-74.15597894836328
14.546376312506395,9.323937897377391,-52.0,-0.3351854293156309,-126.87330970420469,2641.889893,-14.616226594593115,2018-11-20,33.34944458933886,2669.439941,2631.52002,31.46524282198813,562.4872283862491,-246.0,2654.600098,15.726918973493007,281.14167478387975,-8.518330307408295,-0.08518330307408295,0.914816696925917,91.48166969259171,42.69188670270344,0.00032009799069143696,4357900000,-88.63269750230482
14.91828269369421,9.49044095767292,-52.0,-0.373509845474242,-114.81680967429796,2649.929932,-13.695106884187739,2018-11-21,33.1416953718972,2670.72998,2649.820068,30.955643607281246,551.2374838185241,-238.98999000000003,2657.73999,15.544655973274027,276.80888028820215,-8.272641556452253,-0.08272641556452254,0.9172735844354775,91.72735844354774,43.15244655790613,-0.0020954822715246735,3233550000,-86.24954487266858
15.312917930023005,9.671627519701017,-52.0,-0.04860570447281495,-125.3629705996021,2632.560059,-15.197525329964003,2018-11-23,34.650044510133995,2647.550049,2631.090088,31.686839069335143,558.9427141421537,-271.6198730000001,2633.360107,15.378632293283435,271.2727026824381,-9.352721916680473,-0.09352721916680475,0.9064727808331953,90.64727808331952,42.401237335018,-0.004614730697438674,1651650000,-91.39815901700271
15.613782787142425,9.787081469828035,-52.0,0.9630786582859131,-98.92037662390014,2673.449951,-10.573708635913224,2018-11-26,30.356160785994057,2674.350098,2649.969971,30.93890509742736,547.7638598593106,-231.530029,2649.969971,16.52936170466083,292.64729762878926,-7.970107559915096,-0.07970107559915095,0.920298924400849,92.02989244008491,44.71314568204339,-0.007126852776939696,3443950000,-79.27796238047608
15.882991338549097,9.900127194814303,-52.0,0.6914349836652506,-89.84451617371771,2682.169922,-9.616281951241348,2018-11-27,29.074210357476126,2682.530029,2655.889893,30.47105214184636,536.8085826621244,-206.6301269999999,2663.75,16.743727723868993,294.9742826762136,-7.152801284101606,-0.07152801284101609,0.9284719871589839,92.8471987158984,45.191859024379326,-0.00960245894938705,3485220000,-76.69327071181604
15.965797409971222,9.92273639343958,-52.0,0.877893077599958,-47.77233840981168,2743.790039,-3.1744803631091987,2018-11-28,20.023294909655302,2744.0,2684.3798829999996,29.417520033574917,526.0724110088819,-160.52001999999993,2691.449951,19.602164113103875,350.5447680226893,-5.5269587867374455,-0.05526958786737444,0.9447304121326255,94.47304121326255,48.4127598184454,-0.011902053659984535,3951670000,-58.428416042946445
16.020009509924353,9.974254499550204,-52.0,0.02694178547337284,-34.541327059080594,2737.800049,-3.7356257179817547,2018-11-29,18.676402407627837,2753.75,2722.939941,28.90928530158877,515.5509627887043,-170.1499020000001,2736.969971,19.81023216792739,353.2838726622355,-5.8511977464222875,-0.05851197746422291,0.9414880225357771,94.14880225357771,48.132187141009126,-0.014047514954051987,3560770000,-60.20391245782639
16.05342712635163,10.026129881204849,-52.0,0.7969421483518209,-21.45044967560995,2760.169922,-1.4941305409702474,2018-11-30,17.690890331288163,2760.8798829999996,2732.76001,28.451503780644906,505.23994353293017,-170.58007799999996,2737.76001,19.89803916283483,353.34807820899044,-5.820355813358358,-0.05820355813358354,0.9417964418664164,94.17964418664164,49.25293472951488,-0.015997962250891007,4658580000,-53.57324540949748
15.981142392493387,9.994146095935138,-52.0,-0.0048463717360967065,13.780084401459415,2790.3701170000004,1.4396804661970806,2018-12-03,12.439190433439554,2800.179932,2773.3798829999996,27.81208745825254,495.13514466227156,-139.29980499999965,2790.5,21.658363815970066,385.58116564481105,-4.754795205901685,-0.04754795205901686,0.9524520479409831,95.24520479409831,50.719840233098545,-0.017701043030904362,4186060000,-44.44872733553312
16.052369054428432,10.034138544355837,-36.0,-0.9281112450704236,-39.343956013812104,2700.060059,-6.782533945466509,2018-12-04,19.542475489245597,2785.929932,2697.179932,30.547958852424706,561.4323927690257,-219.31005800000048,2782.429932,20.560166067027698,377.86954233191483,-7.512238914926195,-0.07512238914926198,0.924877610850738,92.4877610850738,46.60873302726675,-0.019369861037787928,4499840000,-71.30114162560174
16.244371803313328,10.112822681926222,-36.0,0.4347359449405663,-91.25992236280588,2695.949951,-7.132106683358069,2018-12-06,25.65250649867324,2696.149902,2621.530029,33.29638167141728,625.8536479136452,-219.61010799999985,2663.51001,19.701178980934458,370.31215148527656,-7.532347252531757,-0.0753234725253176,0.9246765274746824,92.46765274746824,46.43394665832096,-0.021008618407580837,5141470000,-72.52322391894852
16.401039445615517,10.174185610942693,-36.0,-0.6812626760614676,-105.52491460976795,2633.080078,-12.267391976673075,2018-12-07,24.07775391842275,2708.540039,2623.139893,31.821109634865714,613.3365749553723,-272.88989300000003,2691.26001,19.471098081574898,375.2960454555709,-9.390664587841336,-0.09390664587841333,0.9060933541215866,90.60933541215867,43.866304011663466,-0.022747232583886223,4216690000,-91.21668856227754
16.614647896541836,10.260629074463033,-92.0,0.10671843183645102,-135.58876439570926,2637.719971,-11.801819647033508,2018-12-10,27.081461991931494,2647.51001,2583.22998,32.81719118381283,640.9797564562648,-276.280029,2630.860107,18.83029645037322,367.7901245464595,-9.481126595744682,-0.09481126595744681,0.9051887340425532,90.51887340425532,44.099090176483244,-0.024555565345218966,4151030000,-84.72086711844176
16.75680353049537,10.34468949335549,-92.0,-0.5213927700613454,-111.45114843629312,2636.780029,-11.877361569579758,2018-12-11,23.722429594218603,2674.350098,2621.300049,31.932186708217557,628.1601613271395,-277.19995100000006,2664.439941,19.68688804313975,387.2744100555302,-9.51276099707452,-0.09512760997074525,0.9048723900292548,90.48723900292548,44.06131921521012,-0.026418454558407856,3905870000,-84.98442925995427
16.868844318910227,10.413432837440293,-92.0,-0.20352262771635485,-90.4088293632286,2651.070068,-10.410313534803123,2018-12-12,22.358842951238074,2685.439941,2650.26001,31.146035143301365,615.5969581005967,-273.52001999999993,2658.22998,19.763297426496717,390.6187648544198,-9.352422451347653,-0.09352422451347649,0.9064757754865235,90.64757754865235,44.79484323259844,-0.028289392647162792,3955890000,-80.97746576525209
16.9988339949217,10.507521919367594,-92.0,-0.24787155473429104,-99.66506484427421,2650.540039,-10.45475463393381,2018-12-13,23.368328119483817,2670.189941,2637.27002,31.284964692457017,616.2750089385847,-272.88989300000003,2658.699951,19.433019687062377,382.8063895573314,-9.334579563988676,-0.09334579563988675,0.9066542043601132,90.66542043601132,44.77262268303309,-0.030158800031854227,3927720000,-81.1260872528585
17.19131945929375,10.573528188778049,-92.0,-0.7210767747158718,-148.66741316071392,2599.949951,-14.581597624400333,2018-12-14,26.62310721352438,2635.070068,2593.840088,32.57782154089893,647.3794407598131,-325.5600589999999,2629.679932,18.878539399546153,375.15026176618477,-11.128318067180354,-0.11128318067180358,0.8887168193281965,88.87168193281964,42.70920118779984,-0.03212569213838501,4035020000,-95.03195110216727
17.467149728674247,10.710019392170253,-100.0,-0.6347947021954057,-201.46410275565557,2545.939941,-18.66512047451316,2018-12-17,30.98283292831861,2601.1298829999996,2530.540039,34.57499311168644,697.7319009446168,-355.6701659999999,2590.75,18.218174265610823,367.64725653086106,-12.257682903087563,-0.12257682903087568,0.8774231709691244,87.74231709691243,40.66743976274342,-0.03428485984754426,4616350000,-95.9377715824707
17.739878663716745,10.858574797455379,-100.0,-0.30344481448985006,-202.02394869326227,2546.159912,-18.64154907059065,2018-12-18,31.10359648079921,2573.98999,2528.709961,33.89155910149859,685.6073409257244,-339.4101559999999,2559.899902,17.810392654587954,360.2943114002438,-11.762325918332195,-0.11762325918332193,0.882376740816678,88.2376740816678,40.67922546470468,-0.03660294288734267,4470880000,-95.2338180313648
18.058595596685993,11.018689178458285,-98.0,-0.4161741465630282,-215.79091668459472,2506.959961,-21.477826426549253,2018-12-19,33.67572531217919,2585.290039,2488.959961,34.23320726256725,711.6451941072099,-377.469971,2547.050049,16.985078155553108,353.08842517223894,-13.086466993437096,-0.13086466993437093,0.869135330065629,86.9135330065629,39.26108678672537,-0.039134360023485026,5127940000,-95.56508369400352
18.429019581404088,11.351308241264718,-100.0,-0.42878187012873187,-259.7933446608148,2467.419922,-24.19773135386668,2018-12-20,36.57979483259072,2509.6298829999996,2441.179932,35.389475571299066,745.1923192250657,-412.9201659999999,2496.77002,16.432941667907997,346.02665666879415,-14.335812903493494,-0.14335812903493494,0.856641870965065,85.66418709650651,37.90113432306666,-0.041927192856117124,5585780000,-93.9377172476686
18.829591309781776,11.789375907350504,-100.0,-0.5086567461503586,-266.84218301001437,2416.6201170000004,-27.490456338720126,2018-12-21,38.45760600028851,2504.409912,2408.550049,35.32953305356282,762.9183558405645,-369.0598149999996,2465.3798829999996,15.703464084188068,339.10612353541825,-13.248464432704242,-0.13248464432704238,0.8675153556729576,86.75153556729576,36.25477183063994,-0.04504721516437327,7609010000,-98.02393052372598
19.284319741765373,12.249766289201302,-92.0,-0.8349083279723712,-304.8727210584014,2351.100098,-31.411574951658956,2018-12-24,41.56601290896161,2410.340088,2351.100098,36.90174688728389,805.1099397237532,-377.2700190000005,2400.560059,15.231877743388866,332.3240010647099,-13.827670104187717,-0.13827670104187717,0.8617232989581228,86.17232989581228,34.294212524170526,-0.04858312749925764,2613930000,-100.0
19.59125087552094,12.631144743395797,-94.0,0.8630128130456424,-229.26637097336356,2467.699951,-19.66084647638825,2018-12-26,34.63087642954395,2467.76001,2346.580078,34.922492575457824,789.0077409292782,-299.42993199999955,2363.1201170000004,16.95638320937557,383.0974430434157,-10.820956899766877,-0.10820956899766876,0.8917904310023312,89.17904310023313,40.16957676180588,-0.0522193686952499,4233990000,-74.24953051319346
19.842931814455582,12.906225665251391,-94.0,0.5082272730179705,-186.96731214405347,2488.830078,-17.714416194226747,2018-12-27,32.17529782225295,2489.100098,2397.939941,33.541518033351366,773.2275861106926,-261.959961,2442.5,17.21156304304979,396.7755821825473,-9.52308090715752,-0.09523080907157525,0.9047691909284248,90.47691909284248,41.14279190288663,-0.05588077526670343,4096610000,-69.75719843680626
20.019618392953273,13.134243630835972,-94.0,-0.27501044900111654,-148.52681029305245,2485.73999,-17.913667098466732,2018-12-28,28.677260739340166,2520.27002,2472.889893,32.85252586547941,757.7630343884788,-324.179932,2498.77002,18.20937221459915,420.00999253889637,-11.536981159564874,-0.11536981159564874,0.8846301884043513,88.46301884043513,41.043166450766634,-0.05955253564867702,3702620000,-70.41416095488573
20.19277123988101,13.390423233343437,-94.0,0.29940122457590096,-135.06612777190955,2506.850098,-15.956334821409964,2018-12-31,28.677260739340156,2509.23999,2482.820068,32.47298113506089,742.6077737007092,-302.35986300000013,2498.939941,17.998999615043797,411.60979268811843,-10.763163565473356,-0.1076316356547335,0.8923683643452665,89.23683643452665,42.021832589295016,-0.06316903568502896,3442870000,-65.79591518893886
20.381559623882673,13.651028540806992,-64.0,0.635718106908034,-127.79603470750251,2510.030029,-15.661221135358241,2019-01-02,29.63219043996413,2519.48999,2467.469971,32.405721401234835,743.105715226695,-258.75,2476.959961,17.5906896618687,403.37759683435604,-9.345271104597385,-0.09345271104597382,0.9065472889540261,90.65472889540261,42.169389432320884,-0.06671072771443631,3733160000,-65.11726905401403
20.595417159107292,13.934168796108438,-64.0,-0.8952844627764025,-147.48220782082967,2447.889893,-19.734572032900026,2019-01-03,31.074436385113664,2493.139893,2443.959961,32.49647887939418,751.7536109221611,-319.890136,2491.919922,17.088291081264387,395.31004489766894,-11.55764304418283,-0.11557643044182829,0.8844235695581717,88.44235695581717,40.13271398354999,-0.07030159723095952,3822860000,-78.37892885735637
20.7042459165769,14.22522239493471,-64.0,0.9038260439011695,-99.7963870988222,2531.939941,-12.251880677720814,2019-01-04,26.03685503258776,2538.070068,2474.330078,31.253277868895356,736.7185387037179,-223.93994199999952,2474.330078,18.34059348058348,432.3340189997155,-8.125896320133618,-0.08125896320133615,0.9187410367986638,91.87410367986638,43.87405966113959,-0.07373533787978781,4213410000,-60.4413571882085
20.750573134295774,14.518874477868515,-64.0,0.33845874407296733,-71.37603468684198,2549.689941,-10.760266259655639,2019-01-07,23.020606802520383,2566.159912,2524.560059,30.70043185875703,721.9841679296435,-191.0,2535.610107,19.210607692590813,451.77718261972126,-6.969048090507801,-0.06969048090507805,0.930309519094922,93.0309519094922,44.619866870172174,-0.07697238173016707,4104710000,-56.65323446010043
20.767098236516148,14.792215733571584,-64.0,0.19528218358525845,-53.45259581477396,2574.409912,-8.707469948310727,2019-01-08,21.5768282453145,2579.820068,2547.560059,30.27663010072348,707.5444845710506,-81.69018599999981,2568.110107,19.529949882811046,456.40179496732674,-3.0755688033561435,-0.030755688033561383,0.9692443119664386,96.92443119664385,45.646265025844635,-0.07996304425024192,4083030000,-51.377612827240014
20.75069477324796,15.079754827934085,-64.0,0.18766281343199687,-39.81260117287022,2584.959961,-7.837086830468194,2019-01-09,19.94692507310664,2595.320068,2568.889893,29.93120652808532,693.3935948796296,-120.61010699999997,2580.0,19.9762112899913,462.7737590679802,-4.457844519589793,-0.04457844519589798,0.9554215548041021,95.5421554804102,46.0814565847659,-0.08269466260483194,4052480000,-49.126070269518685
20.74426843199762,15.387155271968178,-64.0,0.6460852510588819,-36.544141903492346,2596.639893,-6.87043867930416,2019-01-10,20.429377710731004,2597.820068,2562.02002,29.764451967452754,686.3955959820371,-62.05004800000006,2573.51001,19.66609817446757,453.5182838866206,-2.333858004392253,-0.02333858004392249,0.9766614199560775,97.66614199560775,46.56478066034792,-0.0851544097629886,3704500000,-46.6333933189859
20.737970617572287,15.688407707121588,-64.0,0.4318946495194186,-32.0888261833177,2596.26001,-6.8981362781782325,2019-01-11,20.429377710731,2596.27002,2577.399902,29.513194825225725,672.6676840623963,-44.989990000000034,2588.110107,19.500086462527566,444.4479182088882,-1.7033597728348338,-0.017033597728348334,0.9829664022716517,98.29664022716517,46.55093186091088,-0.08735802238137858,3434490000,-46.714466188074475
20.74189526317775,15.892935644411276,-64.0,0.12163030278544879,-37.20374581416313,2582.610107,-7.902419976664787,2019-01-14,20.934202897845385,2589.320068,2570.409912,29.484905088242648,666.2043203811485,-100.01977599999964,2580.310059,19.276990854708927,435.55895984471044,-3.7284224944272637,-0.03728422494427259,0.9627157750557274,96.27157750557274,46.048790011667606,-0.08934928002108933,3664450000,-49.62756521854042
20.693662955460425,16.058548285975988,-64.0,0.9006422091795632,-19.9097343603028,2610.300049,-5.545715896804381,2019-01-15,18.33027987731162,2613.080078,2585.100098,29.084681604122935,652.8802339735255,-101.43994100000009,2585.100098,20.07379521901786,450.6077906478162,-3.740769445967429,-0.03740769445967424,0.9625923055403257,96.25923055403257,47.2271420515978,-0.09107797427440056,3572330000,-43.718106140783
20.618967775824686,16.181061545906637,-64.0,0.10321788600954011,-7.29414851886996,2616.100098,-5.055287818758316,2019-01-16,16.958903973673355,2625.76001,2612.679932,28.88170966093852,639.822629294055,-124.2700190000005,2614.75,20.506081571167407,454.2755668348599,-4.534789597546929,-0.045347895975469246,0.9546521040245307,95.46521040245307,47.47235609062084,-0.09254802036848808,3863770000,-42.48028656663988
20.504405457046072,16.28044401927088,-64.0,0.6894047827242796,2.25228903485743,2635.959961,-3.3769592772276162,2019-01-17,14.890851836894042,2645.060059,2606.360107,28.3758883543735,627.0261767081739,-87.10009799999989,2609.280029,21.020365395503152,464.4901044981626,-3.1986109785616,-0.03198610978561597,0.968013890214384,96.8013890214384,48.31152036138619,-0.09373321887933272,3772270000,-38.24188665636309
20.328615907809848,16.32402982868385,-64.0,0.6970245816289101,30.3743884526502,2670.709961,-0.5100045117758933,2019-01-18,11.714927995234937,2675.469971,2647.580078,27.86744564825403,614.4856531740104,-67.60009799999989,2651.27002,22.022835173379192,485.61021440819945,-2.468679460816303,-0.024686794608163067,0.975313205391837,97.5313205391837,49.744997744112055,-0.09457881934671342,3986730000,-30.825702723869824
20.204626450826268,16.295916716710103,-64.0,-0.6151210359906828,10.576078720166347,2632.899902,-3.481891959697471,2019-01-22,14.129143058630813,2657.8798829999996,2617.27002,28.563702968654287,632.5059981105302,-122.55004899999994,2657.8798829999996,21.49135256432285,475.89801012003545,-4.447551259478488,-0.044475512594784904,0.9555244874052151,95.55244874052151,48.25905402015127,-0.09519584251718172,3908030000,-38.894950264658945
20.090060980522722,16.27183796574601,-64.0,-0.11852339883174325,12.749090564371679,2638.699951,-3.0002884763707676,2019-01-23,14.47635293564898,2653.189941,2612.860107,28.24205341270862,624.2657911483195,-175.18994199999997,2643.47998,21.099234440136293,466.3800499176347,-6.225898974789768,-0.0622589897478977,0.9377410102521023,93.77410102521023,48.499855761814615,-0.09558876966949681,3335610000,-37.60387857637722
19.977786819625248,16.28193367365056,-62.0,0.17285786025823546,19.288140644650973,2642.330078,-2.6950502988488245,2019-01-24,14.476352935648986,2647.199951,2627.01001,27.981256218006497,611.7804753253531,-164.5,2638.840088,20.90439658355629,457.052448919282,-5.8607039054253685,-0.05860703905425371,0.9413929609457463,94.13929609457463,48.65247485057559,-0.09576723378469376,3433250000,-34.7993617299533
19.81401192699329,16.30788819260904,-30.0,0.4863896243173945,44.0419474521357,2664.76001,-0.8114432573732006,2019-01-25,11.789042188027507,2672.3798829999996,2657.330078,27.594260694862115,599.544865818846,-116.25,2657.439941,21.77419287583577,473.09133194089594,-4.180135978726662,-0.041801359787266644,0.9581986402127334,95.81986402127333,49.5942783713134,-0.09569950586278964,3814080000,-29.854489767979516
19.70763712606489,16.367219097199566,-30.0,-0.05355704031657779,22.992312615841904,2643.850098,-2.512381043533339,2019-01-28,14.495271880573174,2644.969971,2624.060059,28.60990861954558,620.8239875024691,-82.3698730000001,2644.969971,21.3657945682468,463.62950530207803,-3.021394967251534,-0.03021394967251529,0.9697860503274847,96.97860503274846,48.74380947823333,-0.09545334493297197,3612810000,-34.46426021115961
19.590619693227936,16.446701740130955,-30.0,-0.2459719204584863,27.788597037632858,2640.0,-2.825473636895383,2019-01-29,13.85676548421726,2650.929932,2631.050049,28.344929827282662,608.4075077524197,-82.17993200000001,2644.889893,21.44557617688064,460.3168761960365,-3.0189015440879374,-0.03018901544087939,0.9698109845591206,96.98109845591206,48.587263181552316,-0.09505244303628091,3504200000,-35.31304752139536
19.393163185367044,16.496929950132852,-30.0,0.6515446027804288,58.174148470645704,2681.050049,0.6460821457266878,2019-01-30,9.717794300183272,2690.439941,2648.340088,27.681165829467314,596.2393575973714,-20.530029000000013,2653.6201170000004,22.777679075367008,490.62054767211583,-0.7599267246299224,-0.007599267246299265,0.9924007327537008,99.24007327537008,50.32304107286334,-0.09441994226441208,3857810000,-26.263210172902756
19.162173043669508,16.509079449706352,-30.0,0.6141939902473388,80.34544075265786,2704.100098,2.5315519342460244,2019-01-31,7.843656100490298,2708.949951,2678.649902,27.28944586277403,584.314570445424,-26.099853000000167,2685.48999,23.319828432128073,499.31814671867346,-0.9559685542606666,-0.00955968554260668,0.9904403144573933,99.04403144573934,51.26577596712302,-0.0935279217674223,4917650000,-21.181628069924404
18.920256408020638,16.54144831662237,-30.0,0.21283897005408442,89.85979850122824,2706.530029,2.730119802965735,2019-02-01,7.0663412612259275,2716.659912,2696.8798829999996,27.03460510980733,572.6282790365156,-29.739990999999918,2702.320068,23.46605605287669,497.0417447843,-1.0868807092364374,-0.010868807092364341,0.9891311929076356,98.91311929076356,51.365059901482866,-0.0923980097621957,3759270000,-20.64592882342506
18.666296308428603,16.606336310467498,-30.0,0.7004624239567291,97.95296827227651,2724.8701170000004,4.232720110567787,2019-02-04,6.222251428418871,2724.98999,2698.75,26.69712412420312,561.1757134557853,34.14013700000032,2706.48999,23.569413753114983,495.43098788861397,1.2688057610299674,0.012688057610299612,1.0126880576102997,101.26880576102997,52.11636005528389,-0.09101548813321703,3359840000,-16.602698245136473
18.38909528844029,16.65368899106725,-30.0,0.6260798446764205,110.07634904442538,2737.699951,5.277231123544665,2019-02-05,4.806245309013076,2738.97998,2724.030029,26.504769188967604,549.9521991866695,95.81005800000003,2728.340088,24.073837287813145,499.51235813084173,3.626572714247489,0.03626572714247483,1.036265727142475,103.62657271424749,52.638615561772326,-0.0893805312733087,3560430000,-13.774250685715597
18.117438288851748,16.715178109437375,-30.0,-0.24694174718252027,104.95188236769276,2731.610107,4.724006914344082,2019-02-06,4.8062453090130814,2738.080078,2724.149902,26.324430628775207,538.9531552029362,81.68017499999996,2735.050049,23.91003879842289,489.5221109682249,3.082352254436893,0.030823522544368907,1.030823522544369,103.0823522544369,52.36200345717204,-0.08753620812800289,3472690000,-15.116809318902478
17.918436901325055,16.76610984423374,-30.0,-0.3580773309892346,78.86851780408195,2706.050049,2.4189760565135785,2019-02-07,8.16736891251718,2719.320068,2687.26001,27.553978201514568,565.0639840988775,73.48999000000003,2717.530029,23.39295427642982,479.73166874886044,2.79157885681498,0.02791578856814983,1.0279157885681498,102.79157885681498,51.209488028256786,-0.08556489287270264,4099490000,-20.75174455413296
17.733104273076837,16.80804780581297,-30.0,0.5914551034508633,73.48219767297414,2707.8798829999996,2.575622995426967,2019-02-08,8.65180548891412,2708.070068,2681.830078,27.46555733717565,559.1926364169,34.42993199999955,2692.360107,23.091462334214892,470.13703537388324,1.2878465140939266,0.012878465140939365,1.0128784651409393,101.28784651409393,51.287811497713484,-0.08348007682993375,3622330000,-20.34834186697079
17.530190019987128,16.747993714979174,-30.0,-0.18231775433538774,81.8736033230547,2709.800049,2.742801064959589,2019-02-11,7.587391618591378,2718.050049,2703.790039,27.27065533468233,548.008783688562,27.630126999999902,2712.399902,23.42423544092021,470.7142756664055,1.0301408114888222,0.010301408114888218,1.0103014081148882,101.03014081148882,51.3714005324798,-0.08129418724669435,3361970000,-19.92502471131749
17.268277004749734,16.644143257337042,-30.0,0.864738723480379,105.09798525713097,2744.72998,5.745063487404564,2019-02-12,4.434539258117417,2748.189941,2722.610107,26.749208770906957,537.0486080147907,0.9399410000000898,2722.610107,24.477538550291786,491.4398821530775,0.03425703084565246,0.00034257030845649553,1.0003425703084565,100.03425703084565,52.872531743702275,-0.07894576325633285,3827770000,-12.22442016041741
16.983673085773116,16.51855010606237,-30.0,0.2065004237828213,117.9765253818266,2753.030029,6.445307367808399,2019-02-13,3.0380810559188016,2761.850098,2748.6298829999996,26.51846688619941,526.307635854495,15.229980000000069,2750.300049,24.954671228257183,495.2712415100158,0.5562853286368741,0.005562853286368711,1.0055628532863687,100.55628532863687,53.222653683904205,-0.07643992594099647,3670770000,-10.394602772513236
16.73788937079759,16.35951588164549,-30.0,0.08361404281572571,110.15800831492544,2745.72998,5.740282031218907,2019-02-14,4.694487336996767,2757.899902,2731.22998,27.042261550698914,533.1813861374046,-14.439941999999974,2743.5,24.617118496034003,485.36581667981545,-0.5231540958730907,-0.005231540958730864,0.9947684590412691,99.4768459041269,52.87014101560945,-0.07381666947613441,3836700000,-12.003961535666617
16.460417161154993,16.256393107791713,-30.0,0.9961209920516986,132.57431499943723,2775.600098,8.276825837458931,2019-02-15,2.86427888866783,2775.659912,2760.23999,26.629769960338812,522.5177584146566,-14.770019000000502,2760.23999,25.146746140378273,493.41851034621914,-0.5293211430991152,-0.0052932114309911455,0.9947067885690088,99.47067885690089,54.13841291872947,-0.07102978189557074,3641370000,-2.351163635529538
16.16465923522596,16.204515519269645,72.0,0.5229521259913698,136.72258898344361,2779.76001,8.62625471008347,2019-02-19,1.6725208647034684,2787.330078,2767.290039,26.35510478827015,512.0674032463634,79.69995100000006,2769.280029,25.48801774695473,495.2203061392946,2.951784377326705,0.029517843773266994,1.029517843773267,102.9517843773267,54.313127355041736,-0.06809611512904601,3533710000,-1.7175423709585915
15.869577561875515,16.135308503745517,74.0,0.35714063569861576,135.63233324475246,2784.699951,9.046122416896885,2019-02-20,1.4105755677035874,2789.8798829999996,2774.060059,26.13794241202142,501.8260551814361,88.75,2779.050049,25.410808328617545,487.8657050165084,3.291975059369334,0.03291975059369342,1.0329197505936933,103.29197505936934,54.52306120844844,-0.06502976840930819,3835450000,-1.1684940849454146
15.59954350557554,16.10709570105869,74.0,-0.3147444434768973,122.98069876508576,2774.8798829999996,8.039101094561108,2019-02-21,2.3678747468766983,2781.580078,2764.550049,26.36107521936702,501.29954407780735,141.79980499999965,2780.23999,25.141557387883257,478.1083909161782,5.385320643484048,0.053853206434840394,1.0538532064348405,105.38532064348405,54.01955054728056,-0.06187689893888404,3559710000,-3.3837145495699037
15.308340469661726,16.03257200007855,78.0,0.7952368493670268,127.84606580051245,2792.669922,9.582636541992388,2019-02-22,1.0393917098848786,2794.199951,2779.110107,26.090596936111766,491.2735531962512,154.94995100000006,2780.669922,25.553809259495353,481.16609609785473,5.874389726869156,0.05874389726869155,1.0587438972686916,105.87438972686915,54.79131827099619,-0.058617727273579945,3427810000,-0.3418143590778448
15.021478227680763,15.945161273295495,80.0,-0.4454049189189145,131.1518066174052,2796.110107,9.881111601826968,2019-02-25,0.9652283706136577,2813.48999,2794.98999,25.79950639384039,481.4480821323262,159.33007799999996,2804.350098,26.302408861518195,490.8328131758976,6.042600302173318,0.060426003021733274,1.0604260030217332,106.04260030217331,54.94055580091348,-0.055267292299798765,3804380000,-3.722320420561142
14.72872226275456,15.863778128838131,80.0,0.11280428795414309,121.42544679995552,2793.899902,9.643829441463762,2019-02-26,0.38367998137064413,2803.1201170000004,2789.469971,25.907968388518356,477.3391394896797,142.82983400000012,2792.360107,26.107541487119047,481.0161569123797,5.387629535863336,0.05387629535863332,1.0538762953586334,105.38762953586334,54.82191472073188,-0.051852189705148266,3645680000,-4.195689039045271
14.456667571067634,15.823993515180693,80.0,0.23654158794075889,110.78369256654902,2792.3798829999996,9.477924629260293,2019-02-27,1.125987678408106,2795.76001,2775.1298829999996,26.400528312820846,482.1324446998865,141.83984399999963,2787.5,25.812614755363494,471.3958337741321,5.351356399562746,0.053513563995627546,1.0535135639956275,105.35135639956275,54.73896231463014,-0.048395052913163816,3767130000,-4.521237707200446
14.190053973214445,15.828601850944345,80.0,-0.3226494366740645,105.13818573132934,2784.48999,8.607501083933888,2019-02-28,1.1259876784081029,2793.72998,2782.51001,26.23604936494624,472.4897958058888,184.54003899999998,2788.110107,25.651798590378156,461.9679170986494,7.097830438198316,0.07097830438198308,1.0709783043819832,107.09783043819832,54.30375054196694,-0.04493063379117368,4396930000,-6.211048267486768
13.914808481264094,15.82734357249042,80.0,0.2650161672860998,108.95604760257638,2803.689941,10.37690483635507,2019-03-01,0.4277793756969248,2808.02002,2787.3798829999996,25.890866682484333,463.039999889771,257.75,2798.219971,26.11332991000388,467.0185987566763,10.123962307561762,0.10123962307561755,1.1012396230756176,110.12396230756177,55.18845241817753,-0.04142965416000788,3972280000,-2.0989164607839688
13.670492827381484,15.864544212033739,90.0,-0.4380347562577939,99.44523484784665,2792.810059,9.154942595056953,2019-03-04,1.699025787133574,2816.8798829999996,2767.659912,26.278045019358153,473.49917089197515,246.65014699999983,2814.3701170000004,25.400021345526756,457.6782267815428,9.687142816032202,0.09687142816032202,1.096871428160322,109.6871428160322,54.577471297528476,-0.03793362398061273,3919810000,-5.1179744801296945
13.431063486576525,15.930041533990305,90.0,-0.35337940619020897,93.7308671464112,2789.649902,8.797950427748374,2019-03-05,1.6990257871335654,2796.439941,2782.969971,26.079111860252883,464.02918747413565,282.6899410000001,2794.409912,25.207735104907087,448.52466224591194,11.276204861574168,0.11276204861574177,1.1127620486157417,111.27620486157417,54.39897521387419,-0.03446241327751398,3585690000,-5.789919687506466
13.227322301819616,16.028456805800694,90.0,-0.8721038046246269,82.2241562105267,2771.449951,6.746298929106414,2019-03-06,3.244004248730997,2790.27002,2768.689941,26.569232558857465,469.0286337246528,304.030029,2790.27002,24.89958202692326,439.5541690009937,12.321778967949836,0.12321778967949826,1.1232177896794984,112.32177896794984,53.37314946455321,-0.03106739171313544,3786600000,-9.659781168737586
13.089915267051332,16.187117504408352,90.0,-0.6250053977441392,62.89154037775086,2748.929932,4.2638010314427435,2019-03-07,6.356970563405443,2767.25,2739.090088,27.760934153651096,489.2479140501599,332.3098149999996,2766.530029,24.442384550507036,430.7630856209738,13.751015836635915,0.13751015836635921,1.1375101583663592,113.75101583663591,52.13190051572138,-0.027803730761977175,3904860000,-14.448220109298079
12.989555789789863,16.2904033326554,90.0,0.5617614803898906,49.64146653369769,2743.070068,3.623935298337401,2019-03-08,8.071941403977906,2744.1298829999996,2722.27002,28.298006109982666,496.2830237691567,391.9699700000001,2730.790039,24.07082476759621,422.14782390855436,16.671768689620457,0.16671768689620467,1.1667176868962046,116.67176868962046,51.8119676491687,-0.024682818447829824,3423130000,-15.694204891281993
12.799519436542168,16.321225625498876,90.0,0.9807652361055292,73.61129728371309,2783.300049,7.596578551231185,2019-03-11,3.4877381274051578,2784.0,2747.610107,27.639778756211776,486.3573632937736,315.6000979999999,2747.610107,25.776750112520613,453.57498443038367,12.789241166540833,0.1278924116654083,1.1278924116654083,112.78924116654083,53.798289275615595,-0.021611281123368187,3749030000,-8.01542909460748
12.581599690916523,16.300609041934898,88.0,0.36064713227371836,87.29658649399074,2791.52002,8.383943997722467,2019-03-12,1.90353215525998,2798.320068,2786.72998,27.401112146710176,476.6302160278981,302.689942,2787.340088,26.3774204854304,458.823552741776,12.161936834323317,0.12161936834323327,1.1216193683432332,112.16193683432331,54.191971998861234,-0.01857774288687164,3414230000,-6.8003508270603215
12.3416088547836,16.267190047332306,94.0,0.5191012695689436,99.76456907085003,2810.919922,10.226163019040559,2019-03-13,0.5820578842702773,2821.23999,2799.780029,26.931574249777164,467.09761170734015,325.179932,2799.780029,27.24692447317337,472.5670036869405,13.081816010853164,0.1308181601085317,1.1308181601085316,113.08181601085316,55.11308150952028,-0.015547127089865498,3766150000,-2.735386770233733
12.106417835373334,16.243988729628004,94.0,-0.16463575209750536,96.4560699404665,2808.47998,9.942443674948947,2019-03-14,0.5820578842702617,2815.0,2803.459961,26.74995646511235,457.75565947319336,301.6298820000002,2810.3798829999996,27.063180069082755,463.11566361320166,12.032226507705612,0.12032226507705615,1.1203222650770561,112.03222650770562,54.971221837474474,-0.012537333841455833,3469730000,-3.382105868105721
11.90999445038535,16.25270580474632,98.0,0.586257552116129,105.05797713823408,2822.47998,11.279503009809819,2019-03-15,2.285248585974194,2830.72998,2810.790039,26.399695122393783,448.6005462837295,312.44995100000006,2810.790039,27.634511055005174,469.5833303409377,12.448056293752007,0.12448056293752016,1.12448056293752,112.448056293752,55.6397515049049,-0.009527584416946233,5962730000,-2.1330505454715714
11.727611159979089,16.215928538277996,100.0,0.7697387510896179,111.30122145430096,2832.939941,12.272487106594344,2019-03-18,2.7908299300723525,2835.409912,2821.98999,26.18864960400954,439.62853535805493,385.05004800000006,2822.610107,27.6923774331942,464.87159573411896,15.72987613131993,0.15729876131319934,1.1572987613131993,115.72987613131993,56.13624355329717,-0.006507562694568758,3552190000,-0.684051217327187
11.585481514915148,16.16802732460546,100.0,-0.28095950374035367,114.3300949962322,2832.570068,12.227164716225396,2019-03-19,4.621128906782023,2852.419922,2823.27002,25.732693017637132,430.83596465089386,300.6301269999999,2840.76001,28.226203167006187,472.58417381943656,11.87350940406844,0.11873509404068439,1.1187350940406844,111.87350940406844,56.1135823581127,-0.0034926014772840297,3620220000,-6.054371467848763
11.42088509897531,16.09399166774573,98.0,-0.22854656205457158,102.786480577086,2824.22998,11.194369570148325,2019-03-20,3.3556607179232567,2843.540039,2812.429932,25.902237898308435,433.0593333578759,274.540039,2831.340088,27.70098002572813,463.13249034304783,10.767585288912596,0.10767585288912584,1.107675852889126,110.7675852889126,55.59718478507416,-0.0005143242842065021,3771200000,-9.246852544836301
11.29579644776704,16.0232456105075,100.0,0.8190022794222734,117.11057587169657,2854.8798829999996,14.156841745862314,2019-03-21,5.1664525385619156,2860.310059,2817.3798829999996,25.240888271969723,424.3981466907184,280.46997099999953,2819.719971,27.991093337140406,470.6398605361868,10.894534304449932,0.1089453430444994,1.1089453430444993,110.89453430444993,57.078420872931154,0.0024864187027962004,3546800000,-1.8204349089914806
11.133427429687664,15.938847930842643,96.0,-0.9588556702229014,86.57704468403372,2800.709961,7.678753947294248,2019-03-22,3.1773455437983515,2846.159912,2800.469971,25.42749479437476,432.8200957569037,215.75,2844.52002,27.096359126356262,461.22706332546306,8.346357516366965,0.08346357516366962,1.0834635751636696,108.34635751636696,53.83937697364713,0.005372000241354868,4237200000,-19.98058607649312
10.938548590785363,15.838259604178825,96.0,0.09487667328797772,65.9196345192992,2798.360107,7.408953934808787,2019-03-25,1.3894854845725981,2809.790039,2785.02002,25.968079298806522,439.6136448417657,201.72021399999994,2796.01001,26.69989313073368,452.0025220589538,7.7685093933816285,0.0776850939338164,1.0776850939338163,107.76850939338163,53.70447696740439,0.008136640985512145,3376580000,-21.36941034390023
10.79187176416463,15.76688351367119,92.0,0.22411207642063985,84.86240860061955,2818.459961,9.390533276300784,2019-03-26,3.6047072597486416,2829.8701170000004,2803.98999,25.484063203453537,430.8213719449304,222.19995100000006,2812.659912,27.390019086276922,463.04254961777514,8.558462948400924,0.08558462948400922,1.0855846294840092,108.55846294840093,54.695266638150386,0.010825820751625415,3266050000,-14.436038902732918
10.61034449045037,15.652003722955397,92.0,-0.3792235895434393,70.47023397729374,2805.3701170000004,7.856606183248275,2019-03-27,1.715508078451616,2825.560059,2787.719971,25.875123081514513,438.4749635060318,222.76001000000042,2819.719971,26.778398497796864,453.7816986254196,8.625382878980602,0.08625382878980595,1.086253828789806,108.6253828789806,53.928303091624144,0.01340579327235858,3372930000,-19.962919147392167
10.432447762210394,15.52570776901754,90.0,0.28844584614636465,74.37984262758246,2815.439941,8.85982614485093,2019-03-28,1.7155080784516108,2819.709961,2798.77002,25.552921577184307,429.70546423591117,205.13989200000015,2809.399902,26.444949251879734,444.7060646529112,7.858862511939524,0.07858862511939528,1.0785886251193952,107.85886251193952,54.429913072425464,0.01589877953376284,3158170000,-17.668882252830603
10.294845797084657,15.399625627065365,86.0,0.3648728643589194,94.71688031290971,2834.399902,10.72723928374755,2019-03-29,3.5523495059234897,2836.030029,2819.22998,25.237602742546116,421.11135495119294,218.29980400000022,2828.27002,27.096700090670385,452.132011359853,8.344474439907312,0.08344474439907315,1.0834447443990731,108.34447443990732,55.363619641873775,0.01834459620508877,3740700000,-10.202859577622526
10.232389769727474,15.280502838768662,100.0,0.893598508504014,131.28778781006127,2867.189941,13.842553066505298,2019-04-01,7.172044429225513,2869.399902,2848.6298829999996,24.708739113780577,412.68912785216907,231.22998000000007,2848.6298829999996,28.52681683884833,476.459244132656,8.77213551879137,0.08772135518791367,1.0877213551879137,108.77213551879137,56.92127653325265,0.020809506294017233,3500760000,-0.8614495852388204
10.17861024186761,15.191618346346939,96.0,-0.07067186755074291,133.290762043147,2867.23999,13.847235584382906,2019-04-02,7.543413376734226,2872.899902,2858.75,24.496967745366664,404.43534529512567,196.530029,2868.23999,28.494319603764712,470.4300592500029,7.3587185381378095,0.07358718538137808,1.073587185381378,107.35871853813781,56.92361779219145,0.023278778737267913,3246900000,-2.1765560921166216
10.15216418701063,15.121112583766676,98.0,-0.13397288596188808,141.7417441345975,2873.399902,14.43129176818148,2019-04-03,8.856307499018694,2885.25,2865.169922,24.196665849652504,396.34663838922313,240.5,2876.090088,28.898979467530555,473.3715560650027,9.134414863903938,0.0913441486390393,1.0913441486390394,109.13441486390394,57.21564588409074,0.02575281759780168,3550240000,-4.350417656649209
10.12624705325079,15.052016936438019,98.0,0.3818847994106988,142.0350056614967,2879.389893,15.003052499384923,2019-04-04,8.856307499018696,2881.280029,2867.139893,23.98538769187104,388.41970562143865,240.68994199999997,2873.98999,28.64664209255491,463.90412494370264,9.121535091884336,0.09121535091884343,1.0912153509188434,109.12153509188434,57.50152624969246,0.028231400279765673,3015180000,-2.243618945493758
10.126580721973282,14.970296324483286,96.0,0.8370807804878008,158.38375771586763,2892.73999,16.275339008476944,2019-04-05,10.142930489375448,2893.23999,2882.98999,23.777874714506666,380.6513115090099,250.40991200000008,2884.159912,29.145895989355893,466.58600344482863,9.476859612843569,0.09476859612843573,1.0947685961284357,109.47685961284357,58.137669504238474,0.03073056804951957,3146820000,-0.18574936034142894
10.13275425788463,14.920195691974758,98.0,0.48187848296121033,156.10150691316093,2895.77002,16.56458573393557,2019-04-08,10.435257517540666,2895.949951,2880.780029,23.55015701743661,373.0382852788297,231.01000999999997,2888.459961,29.03785108641911,459.9642443759321,8.669073730208066,0.08669073730208071,1.0866907373020807,108.66907373020807,58.28229286696778,0.03324120391687835,3054030000,-0.06617789233596227
10.11882994052324,14.854724816875589,98.0,-0.6184684576641596,138.12242602765448,2878.199951,14.22954762358843,2019-04-09,9.436538389815158,2886.8798829999996,2873.330078,23.68765655844526,373.02747057325314,234.34985300000017,2886.580078,28.624073000667188,450.76495948841347,8.863961431749834,0.08863961431749834,1.0886396143174983,108.86396143174983,57.114773811794215,0.035709010835272004,3007980000,-6.700644230513906
10.11151139994011,14.752337292653577,96.0,0.6464833246030287,144.63481272306032,2888.209961,15.216898726703402,2019-04-10,9.752902911366807,2889.709961,2879.1298829999996,23.512298393435934,365.56692116178806,248.20996100000002,2881.3701170000004,28.5941940078523,444.5797382986456,9.40189246212122,0.09401892462121213,1.0940189246212122,109.40189246212122,57.608449363351696,0.038147476218597376,3062380000,-3.1258811366492414
10.112734181910357,14.637453612789933,94.0,-0.31494973023461975,143.12173607735718,2888.320068,15.227851937502423,2019-04-11,10.172650498452427,2893.419922,2881.98999,23.33723507143543,358.2555827385523,207.27001900000005,2891.919922,28.622964580305087,439.39810453267273,7.730926883565981,0.07730926883565986,1.0773092688356598,107.73092688356599,57.61392596875121,0.04054642267656838,2938540000,-3.5112201010134454
10.152435633523242,14.53634602077194,100.0,0.5381961363433823,162.65990667643246,2907.409912,17.122080417374615,2019-04-12,12.097806762554553,2910.540039,2898.3701170000004,22.997566218871114,351.0904710837812,203.3098140000002,2900.860107,29.32778624815785,447.7302594420192,7.518575741717992,0.07518575741717982,1.07518575741718,107.518575741718,58.56104020868731,0.04293917301698702,3688490000,-1.3686010816117895
10.18594300742769,14.426119657928147,88.0,-0.20883882294351863,152.55415711186578,2905.580078,16.866661505928352,2019-04-15,11.827804328745692,2909.600098,2896.47998,22.922881017025517,345.9587986621059,199.05004899999994,2908.320068,29.07283224045613,438.7756542531788,7.354437115687373,0.07354437115687362,1.0735443711568737,107.35443711568738,58.433330752964174,0.0453084533478032,3088330000,-2.1686685522192977
10.233469831466113,14.311282559953202,92.0,-0.33875686005392885,151.02494916124542,2907.060059,17.016018962239684,2019-04-16,12.56228420934877,2916.060059,2900.709961,22.68742215064589,339.0396226888638,182.18994199999952,2912.26001,29.206481859759677,436.46010216811527,6.686188118228009,0.06686188118228004,1.06686188118228,106.686188118228,58.508009481119835,0.04764628562132778,3402210000,-3.842377462345438
